time,voltage [V],current [mA],power mW
06:47:14.977428,4.164,39.08537,161.5854
06:47:15.185930,4.164,39.29878,164.0244
06:47:15.394764,4.160,39.60366,164.6341
06:47:15.603802,4.160,39.51220,164.6341
06:47:15.817154,4.160,39.51220,164.6341
06:47:16.025801,4.164,39.39024,164.0244
06:47:16.234488,4.160,39.29878,164.0244
06:47:16.443272,4.160,39.20732,164.0244
06:47:16.653659,4.160,39.29878,161.5854
